fixture                                                                                   path                           chose         status
---------------------------------------------------------------------------------------------------------------------------------------------------
haki_boss_first_scored_array                                                              haki/boss-first                PSYCHIC_M     OK
haki_boss_first_unscored_array                                                            haki/boss-first                PSYCHIC_M     OK
haki_boss_first_immune_move_favoured                                                      haki/boss-first                PSYCHIC_M     OK
haki_gate_requires_boss_first                                                             haki/gates                     (none)        OK
haki_gate_requires_usemove                                                                haki/gates                     (none)        OK
haki_gate_requires_eligible_window                                                        haki/gates                     (none)        OK
haki_gate_once_per_battle                                                                 haki/gates                     (none)        OK
haki_gate_no_player_move_locked                                                           haki/gates                     (none)        OK
haki_gate_locked_in_enemy                                                                 haki/gates                     (none)        OK
eligible_mid_tier_gym_leader                                                              haki/eligibility               (none)        OK
eligible_early_tier_refused                                                               haki/eligibility               (none)        OK
eligible_excluded_class_refused                                                           haki/eligibility               (none)        OK
haki_after_player_switch                                                                  haki/after-player              PSYCHIC_M     OK
haki_after_player_move                                                                    haki/after-player              PSYCHIC_M     OK
normal_turn_refuses_immune_move                                                           normal/move-choice             PSYCHIC_M     OK
normal_turn_immune_move_poisoned_low                                                      normal/move-choice             PSYCHIC_M     OK
destiny_bond_declined_at_full_hp                                                          scoring/destiny-bond           PSYCHIC_M     OK
destiny_bond_taken_when_dying                                                             scoring/destiny-bond           DESTINY_BOND  OK
available_pp_live                                                                         strategy/availability          (none)        OK
available_pp_empty                                                                        strategy/availability          (none)        OK
available_pp_up_bits_only                                                                 strategy/availability          (none)        OK
available_disabled                                                                        strategy/availability          (none)        OK
available_choice_same                                                                     strategy/availability          (none)        OK
available_choice_other                                                                    strategy/availability          (none)        OK
available_stale_choice                                                                    strategy/availability          (none)        OK
available_vest_attack                                                                     strategy/availability          (none)        OK
available_vest_status                                                                     strategy/availability          (none)        OK
ko_scan_usable                                                                            strategy/available-ko          (none)        OK
ko_scan_no_pp                                                                             strategy/available-ko          (none)        OK
ko_scan_disabled                                                                          strategy/available-ko          (none)        OK
ko_scan_choice_elsewhere                                                                  strategy/available-ko          (none)        OK
quarter_hp_24                                                                             strategy/quarter-hp            (none)        OK
quarter_hp_25                                                                             strategy/quarter-hp            (none)        OK
quarter_hp_26                                                                             strategy/quarter-hp            (none)        OK
quarter_hp_64                                                                             strategy/quarter-hp            (none)        OK
quarter_hp_65                                                                             strategy/quarter-hp            (none)        OK
setup_window_t0_hp100_threat0                                                             strategy/setup-window          (none)        OK
setup_window_t7_hp100_threat0                                                             strategy/setup-window          (none)        OK
setup_window_t7_hp20_threat0                                                              strategy/setup-window          (none)        OK
setup_window_t7_hp100_threat1                                                             strategy/setup-window          (none)        OK
scout_cached_0                                                                            strategy/scout                 (none)        OK
scout_cached_1                                                                            strategy/scout                 (none)        OK
switch_risk_t1_none                                                                       strategy/switch-risk           (none)        OK
switch_risk_t1_likely                                                                     strategy/switch-risk           (none)        OK
switch_risk_t1_possible                                                                   strategy/switch-risk           (none)        OK
switch_risk_t2_none                                                                       strategy/switch-risk           (none)        OK
switch_risk_t2_likely                                                                     strategy/switch-risk           (none)        OK
switch_risk_t2_possible                                                                   strategy/switch-risk           (none)        OK
switch_risk_t3_none                                                                       strategy/switch-risk           (none)        OK
switch_risk_t3_likely                                                                     strategy/switch-risk           (none)        OK
switch_risk_t3_possible                                                                   strategy/switch-risk           (none)        OK
risk_accumulation_90_20                                                                   strategy/switch-risk           (none)        OK
risk_accumulation_250_20                                                                  strategy/switch-risk           (none)        OK
risk_accumulation_10_20                                                                   strategy/switch-risk           (none)        OK
speed_own59_stage7_level24_status0_scarfFalse                                             strategy/public-speed          (none)        OK
speed_own20_stage7_level24_status0_scarfFalse                                             strategy/public-speed          (none)        OK
speed_own59_stage13_level24_status0_scarfFalse                                            strategy/public-speed          (none)        OK
speed_own59_stage1_level24_status0_scarfFalse                                             strategy/public-speed          (none)        OK
speed_own59_stage7_level80_status0_scarfFalse                                             strategy/public-speed          (none)        OK
speed_own20_stage7_level24_status64_scarfFalse                                            strategy/public-speed          (none)        OK
speed_own25_stage7_level24_status0_scarfFalse                                             strategy/public-speed          (none)        OK
speed_own25_stage7_level24_status0_scarfTrue                                              strategy/public-speed          (none)        OK
speed_own300_stage13_level80_status0_scarfFalse                                           strategy/public-speed          (none)        OK
lookahead_all_20_20_20_20                                                                 strategy/exhaustive-lookahead  (none)        OK
lookahead_all_1_40_79_60                                                                  strategy/exhaustive-lookahead  (none)        OK
lookahead_all_80_20_80_60                                                                 strategy/exhaustive-lookahead  (none)        OK
scout_new_tick_resets                                                                     strategy/scout                 (none)        OK
refiner_MANTINE_MANTINE_MANTINE_MANTINE_MANTINE_GOLEMFalse                                strategy/switch-selection      (none)        OK
refiner_MANTINE_GOLEM_MANTINE_MANTINE_MANTINE_MANTINEFalse                                strategy/switch-selection      (none)        OK
refiner_MANTINE_LANTURN_RAICHUTrue                                                        strategy/switch-selection      (none)        OK
refiner_MANTINE_MANTINEFalse                                                              strategy/switch-selection      (none)        OK
perish_neutral_escape_hp100                                                               strategy/perish                (none)        OK
perish_neutral_escape_hp1                                                                 strategy/perish                (none)        OK
perish_neutral_escape_hp0                                                                 strategy/perish                (none)        OK
scout_one_actual_roll                                                                     strategy/scout                 (none)        OK
perish_forced_count0                                                                      strategy/perish                (none)        OK
perish_forced_count1                                                                      strategy/perish                (none)        OK
perish_forced_count2                                                                      strategy/perish                (none)        OK
perish_forced_count3                                                                      strategy/perish                (none)        OK
speed_estimate_SHUCKLE_None_0_7                                                           strategy/public-speed          (none)        OK
speed_estimate_MAGNEMITE_('ELECTRIC', 'ELECTRIC')_0_7                                     strategy/public-speed          (none)        OK
speed_estimate_MAGNEMITE_('ELECTRIC', 'STEEL')_0_7                                        strategy/public-speed          (none)        OK
speed_estimate_MAGNEMITE_('FIGHTING', 'FIGHTING')_64_7                                    strategy/public-speed          (none)        OK
speed_estimate_MAGNEMITE_('FIGHTING', 'ELECTRIC')_64_7                                    strategy/public-speed          (none)        OK
speed_estimate_MAGNEMITE_('NORMAL', 'NORMAL')_64_7                                        strategy/public-speed          (none)        OK
speed_estimate_ELECTRODE_None_0_13                                                        strategy/public-speed          (none)        OK
revealed_threat_fullFalse_taintedFalse                                                    strategy/revealed-threat       (none)        OK
revealed_threat_fullTrue_taintedFalse                                                     strategy/revealed-threat       (none)        OK
revealed_threat_fullTrue_taintedTrue                                                      strategy/revealed-threat       (none)        OK
bond_retaliation_THUNDERBOLT                                                              strategy/bond-retaliation      (none)        OK
bond_retaliation_COUNTER                                                                  strategy/bond-retaliation      (none)        OK
bond_retaliation_MIRROR_COAT                                                              strategy/bond-retaliation      (none)        OK
bond_retaliation_HIDDEN_POWER                                                             strategy/bond-retaliation      (none)        OK
bond_retaliation_PROTECT                                                                  strategy/bond-retaliation      (none)        OK
bond_retaliation_SWIFT                                                                    strategy/bond-retaliation      (none)        OK
choice_regret_alive0                                                                      strategy/choice-memory         (none)        OK
choice_regret_alive1                                                                      strategy/choice-memory         (none)        OK
dominance_type_scale0                                                                     strategy/dominance             (none)        OK
dominance_type_scale2                                                                     strategy/dominance             (none)        OK
dominance_type_scale5                                                                     strategy/dominance             (none)        OK
dominance_type_scale10                                                                    strategy/dominance             (none)        OK
dominance_type_scale20                                                                    strategy/dominance             (none)        OK
available_alternative_BossAI_ApplyDamageDominanceBias_ppFalse                             strategy/dominance             (none)        OK
available_alternative_BossAI_ApplyMoveModel.HasStrongMatchupDamagingMove_ppFalse          strategy/dominance             (none)        OK
available_alternative_BossAI_ApplyDamageDominanceBias_ppTrue                              strategy/dominance             (none)        OK
available_alternative_BossAI_ApplyMoveModel.HasStrongMatchupDamagingMove_ppTrue           strategy/dominance             (none)        OK
status_failure_stays_blocked                                                              strategy/hard-block            PSYCHIC_M     OK
perish_trapped_mean_look                                                                  strategy/perish                (none)        OK
perish_trapped_wrap                                                                       strategy/perish                (none)        OK
revealed_mask_fullFalse_taintedFalse                                                      strategy/revealed-mask         (none)        OK
revealed_mask_fullTrue_taintedFalse                                                       strategy/revealed-mask         (none)        OK
revealed_mask_fullTrue_taintedTrue                                                        strategy/revealed-mask         (none)        OK
coach_visible_STEEL_stale_NORMAL                                                          strategy/coach-context         (none)        OK
coach_visible_NORMAL_stale_STEEL                                                          strategy/coach-context         (none)        OK
fixed_ko_DRAGON_RAGE_20_39_NORMAL_subFalse_idFalse_BossAI_CurrentEnemyMoveHasKOPressure   strategy/fixed-damage          (none)        OK
fixed_ko_DRAGON_RAGE_20_39_NORMAL_subFalse_idFalse_BossAI_HasAnyKOMove                    strategy/fixed-damage          (none)        OK
fixed_ko_DRAGON_RAGE_20_40_NORMAL_subFalse_idFalse_BossAI_CurrentEnemyMoveHasKOPressure   strategy/fixed-damage          (none)        OK
fixed_ko_DRAGON_RAGE_20_40_NORMAL_subFalse_idFalse_BossAI_HasAnyKOMove                    strategy/fixed-damage          (none)        OK
fixed_ko_DRAGON_RAGE_20_41_NORMAL_subFalse_idFalse_BossAI_CurrentEnemyMoveHasKOPressure   strategy/fixed-damage          (none)        OK
fixed_ko_DRAGON_RAGE_20_41_NORMAL_subFalse_idFalse_BossAI_HasAnyKOMove                    strategy/fixed-damage          (none)        OK
fixed_ko_DRAGON_RAGE_20_256_NORMAL_subFalse_idFalse_BossAI_CurrentEnemyMoveHasKOPressure  strategy/fixed-damage          (none)        OK
fixed_ko_DRAGON_RAGE_20_256_NORMAL_subFalse_idFalse_BossAI_HasAnyKOMove                   strategy/fixed-damage          (none)        OK
fixed_ko_DRAGON_RAGE_20_40_STEEL_subFalse_idFalse_BossAI_CurrentEnemyMoveHasKOPressure    strategy/fixed-damage          (none)        OK
fixed_ko_DRAGON_RAGE_20_40_STEEL_subFalse_idFalse_BossAI_HasAnyKOMove                     strategy/fixed-damage          (none)        OK
fixed_ko_DRAGON_RAGE_20_40_DRAGON_subFalse_idFalse_BossAI_CurrentEnemyMoveHasKOPressure   strategy/fixed-damage          (none)        OK
fixed_ko_DRAGON_RAGE_20_40_DRAGON_subFalse_idFalse_BossAI_HasAnyKOMove                    strategy/fixed-damage          (none)        OK
fixed_ko_DRAGON_RAGE_20_1_NORMAL_subTrue_idFalse_BossAI_CurrentEnemyMoveHasKOPressure     strategy/fixed-damage          (none)        OK
fixed_ko_DRAGON_RAGE_20_1_NORMAL_subTrue_idFalse_BossAI_HasAnyKOMove                      strategy/fixed-damage          (none)        OK
fixed_ko_SONICBOOM_20_20_NORMAL_subFalse_idFalse_BossAI_CurrentEnemyMoveHasKOPressure     strategy/fixed-damage          (none)        OK
fixed_ko_SONICBOOM_20_20_NORMAL_subFalse_idFalse_BossAI_HasAnyKOMove                      strategy/fixed-damage          (none)        OK
fixed_ko_SONICBOOM_20_21_NORMAL_subFalse_idFalse_BossAI_CurrentEnemyMoveHasKOPressure     strategy/fixed-damage          (none)        OK
fixed_ko_SONICBOOM_20_21_NORMAL_subFalse_idFalse_BossAI_HasAnyKOMove                      strategy/fixed-damage          (none)        OK
fixed_ko_SONICBOOM_20_20_GHOST_subFalse_idFalse_BossAI_CurrentEnemyMoveHasKOPressure      strategy/fixed-damage          (none)        OK
fixed_ko_SONICBOOM_20_20_GHOST_subFalse_idFalse_BossAI_HasAnyKOMove                       strategy/fixed-damage          (none)        OK
fixed_ko_SONICBOOM_20_20_GHOST_subFalse_idTrue_BossAI_CurrentEnemyMoveHasKOPressure       strategy/fixed-damage          (none)        OK
fixed_ko_SONICBOOM_20_20_GHOST_subFalse_idTrue_BossAI_HasAnyKOMove                        strategy/fixed-damage          (none)        OK
fixed_ko_SEISMIC_TOSS_26_25_NORMAL_subFalse_idFalse_BossAI_CurrentEnemyMoveHasKOPressure  strategy/fixed-damage          (none)        OK
fixed_ko_SEISMIC_TOSS_26_25_NORMAL_subFalse_idFalse_BossAI_HasAnyKOMove                   strategy/fixed-damage          (none)        OK
fixed_ko_SEISMIC_TOSS_26_26_NORMAL_subFalse_idFalse_BossAI_CurrentEnemyMoveHasKOPressure  strategy/fixed-damage          (none)        OK
fixed_ko_SEISMIC_TOSS_26_26_NORMAL_subFalse_idFalse_BossAI_HasAnyKOMove                   strategy/fixed-damage          (none)        OK
fixed_ko_SEISMIC_TOSS_26_27_NORMAL_subFalse_idFalse_BossAI_CurrentEnemyMoveHasKOPressure  strategy/fixed-damage          (none)        OK
fixed_ko_SEISMIC_TOSS_26_27_NORMAL_subFalse_idFalse_BossAI_HasAnyKOMove                   strategy/fixed-damage          (none)        OK
fixed_ko_SEISMIC_TOSS_26_26_GHOST_subFalse_idFalse_BossAI_CurrentEnemyMoveHasKOPressure   strategy/fixed-damage          (none)        OK
fixed_ko_SEISMIC_TOSS_26_26_GHOST_subFalse_idFalse_BossAI_HasAnyKOMove                    strategy/fixed-damage          (none)        OK
fixed_ko_SEISMIC_TOSS_26_26_GHOST_subFalse_idTrue_BossAI_CurrentEnemyMoveHasKOPressure    strategy/fixed-damage          (none)        OK
fixed_ko_SEISMIC_TOSS_26_26_GHOST_subFalse_idTrue_BossAI_HasAnyKOMove                     strategy/fixed-damage          (none)        OK
fixed_ko_NIGHT_SHADE_26_26_NORMAL_subFalse_idFalse_BossAI_CurrentEnemyMoveHasKOPressure   strategy/fixed-damage          (none)        OK
fixed_ko_NIGHT_SHADE_26_26_NORMAL_subFalse_idFalse_BossAI_HasAnyKOMove                    strategy/fixed-damage          (none)        OK
fixed_ko_NIGHT_SHADE_26_26_STEEL_subFalse_idFalse_BossAI_CurrentEnemyMoveHasKOPressure    strategy/fixed-damage          (none)        OK
fixed_ko_NIGHT_SHADE_26_26_STEEL_subFalse_idFalse_BossAI_HasAnyKOMove                     strategy/fixed-damage          (none)        OK
fixed_ko_NIGHT_SHADE_26_26_WATER_subFalse_idFalse_BossAI_CurrentEnemyMoveHasKOPressure    strategy/fixed-damage          (none)        OK
fixed_ko_NIGHT_SHADE_26_26_WATER_subFalse_idFalse_BossAI_HasAnyKOMove                     strategy/fixed-damage          (none)        OK
fixed_ko_SUPER_FANG_20_1_NORMAL_subFalse_idFalse_BossAI_CurrentEnemyMoveHasKOPressure     strategy/fixed-damage          (none)        OK
fixed_ko_SUPER_FANG_20_1_NORMAL_subFalse_idFalse_BossAI_HasAnyKOMove                      strategy/fixed-damage          (none)        OK
fixed_ko_SUPER_FANG_20_2_NORMAL_subFalse_idFalse_BossAI_CurrentEnemyMoveHasKOPressure     strategy/fixed-damage          (none)        OK
fixed_ko_SUPER_FANG_20_2_NORMAL_subFalse_idFalse_BossAI_HasAnyKOMove                      strategy/fixed-damage          (none)        OK
fixed_ko_SUPER_FANG_20_255_NORMAL_subFalse_idFalse_BossAI_CurrentEnemyMoveHasKOPressure   strategy/fixed-damage          (none)        OK
fixed_ko_SUPER_FANG_20_255_NORMAL_subFalse_idFalse_BossAI_HasAnyKOMove                    strategy/fixed-damage          (none)        OK
fixed_ko_SUPER_FANG_20_256_NORMAL_subFalse_idFalse_BossAI_CurrentEnemyMoveHasKOPressure   strategy/fixed-damage          (none)        OK
fixed_ko_SUPER_FANG_20_256_NORMAL_subFalse_idFalse_BossAI_HasAnyKOMove                    strategy/fixed-damage          (none)        OK
fixed_ko_SUPER_FANG_20_0_NORMAL_subFalse_idFalse_BossAI_CurrentEnemyMoveHasKOPressure     strategy/fixed-damage          (none)        OK
fixed_ko_SUPER_FANG_20_0_NORMAL_subFalse_idFalse_BossAI_HasAnyKOMove                      strategy/fixed-damage          (none)        OK
fixed_ko_available_False                                                                  strategy/fixed-damage          (none)        OK
fixed_ko_available_True                                                                   strategy/fixed-damage          (none)        OK
fixed_lookahead_DRAGON_RAGE_40                                                            strategy/fixed-damage          (none)        OK
fixed_lookahead_DRAGON_RAGE_41                                                            strategy/fixed-damage          (none)        OK
fixed_lookahead_TACKLE_40                                                                 strategy/fixed-damage          (none)        OK
fixed_lookahead_TACKLE_41                                                                 strategy/fixed-damage          (none)        OK
damage_kernel_basic_0_TACKLE                                                              strategy/damage-kernel         (none)        OK
damage_kernel_basic_0_EMBER                                                               strategy/damage-kernel         (none)        OK
damage_kernel_basic_0_SURF                                                                strategy/damage-kernel         (none)        OK
damage_kernel_basic_0_THUNDERBOLT                                                         strategy/damage-kernel         (none)        OK
damage_kernel_basic_0_DRAGON_RAGE                                                         strategy/damage-kernel         (none)        OK
damage_kernel_basic_0_SEISMIC_TOSS                                                        strategy/damage-kernel         (none)        OK
damage_kernel_basic_0_SUPER_FANG                                                          strategy/damage-kernel         (none)        OK
damage_kernel_basic_1_TACKLE                                                              strategy/damage-kernel         (none)        OK
damage_kernel_basic_1_EMBER                                                               strategy/damage-kernel         (none)        OK
damage_kernel_basic_1_SURF                                                                strategy/damage-kernel         (none)        OK
damage_kernel_basic_1_THUNDERBOLT                                                         strategy/damage-kernel         (none)        OK
damage_kernel_basic_1_DRAGON_RAGE                                                         strategy/damage-kernel         (none)        OK
damage_kernel_basic_1_SEISMIC_TOSS                                                        strategy/damage-kernel         (none)        OK
damage_kernel_basic_1_SUPER_FANG                                                          strategy/damage-kernel         (none)        OK
damage_adapter_basic_0_TACKLE                                                             strategy/damage-adapter        (none)        OK
damage_adapter_basic_0_EMBER                                                              strategy/damage-adapter        (none)        OK
damage_adapter_basic_0_SURF                                                               strategy/damage-adapter        (none)        OK
damage_adapter_basic_0_THUNDERBOLT                                                        strategy/damage-adapter        (none)        OK
damage_adapter_basic_0_DRAGON_RAGE                                                        strategy/damage-adapter        (none)        OK
damage_adapter_basic_0_SEISMIC_TOSS                                                       strategy/damage-adapter        (none)        OK
damage_adapter_basic_0_SUPER_FANG                                                         strategy/damage-adapter        (none)        OK
damage_adapter_basic_1_TACKLE                                                             strategy/damage-adapter        (none)        OK
damage_adapter_basic_1_EMBER                                                              strategy/damage-adapter        (none)        OK
damage_adapter_basic_1_SURF                                                               strategy/damage-adapter        (none)        OK
damage_adapter_basic_1_THUNDERBOLT                                                        strategy/damage-adapter        (none)        OK
damage_adapter_basic_1_DRAGON_RAGE                                                        strategy/damage-adapter        (none)        OK
damage_adapter_basic_1_SEISMIC_TOSS                                                       strategy/damage-adapter        (none)        OK
damage_adapter_basic_1_SUPER_FANG                                                         strategy/damage-adapter        (none)        OK
damage_item_1_CUBONE_THICK_CLUB_TACKLE_0                                                  strategy/damage-adapter        (none)        OK
damage_item_1_SNORLAX_THICK_CLUB_TACKLE_0                                                 strategy/damage-adapter        (none)        OK
damage_item_1_PIKACHU_LIGHT_BALL_THUNDERBOLT_0                                            strategy/damage-adapter        (none)        OK
damage_item_1_PIKACHU_LIGHT_BALL_TACKLE_0                                                 strategy/damage-adapter        (none)        OK
damage_item_1_SNORLAX_CHOICE_BAND_TACKLE_0                                                strategy/damage-adapter        (none)        OK
damage_item_1_SNORLAX_CHOICE_BAND_SURF_0                                                  strategy/damage-adapter        (none)        OK
damage_item_1_SNORLAX_CHOICE_SPECS_SURF_0                                                 strategy/damage-adapter        (none)        OK
damage_item_1_SNORLAX_CHOICE_SPECS_TACKLE_0                                               strategy/damage-adapter        (none)        OK
damage_item_1_SNORLAX_LIFE_ORB_TACKLE_0                                                   strategy/damage-adapter        (none)        OK
damage_item_1_SNORLAX_MUSCLE_BAND_TACKLE_0                                                strategy/damage-adapter        (none)        OK
damage_item_1_SNORLAX_WISE_GLASSES_SURF_0                                                 strategy/damage-adapter        (none)        OK
damage_item_1_SNORLAX_EXPERT_BELT_DYNAMICPUNCH_0                                          strategy/damage-adapter        (none)        OK
damage_item_1_SNORLAX_EXPERT_BELT_TACKLE_0                                                strategy/damage-adapter        (none)        OK
damage_item_1_SNORLAX_CHARCOAL_EMBER_0                                                    strategy/damage-adapter        (none)        OK
damage_item_1_SNORLAX_CHARCOAL_SURF_0                                                     strategy/damage-adapter        (none)        OK
damage_item_1_SNORLAX_METRONOME_ITEM_TACKLE_0                                             strategy/damage-adapter        (none)        OK
damage_item_1_SNORLAX_METRONOME_ITEM_TACKLE_5                                             strategy/damage-adapter        (none)        OK
damage_item_1_SNORLAX_METRONOME_ITEM_TACKLE_8                                             strategy/damage-adapter        (none)        OK
damage_item_0_DRATINI_EVOLITE_TACKLE_0                                                    strategy/damage-adapter        (none)        OK
damage_item_0_DRATINI_EVOLITE_SURF_0                                                      strategy/damage-adapter        (none)        OK
damage_item_0_SNORLAX_EVOLITE_TACKLE_0                                                    strategy/damage-adapter        (none)        OK
damage_item_0_SNORLAX_ASSAULT_VEST_SURF_0                                                 strategy/damage-adapter        (none)        OK
damage_item_0_SNORLAX_ASSAULT_VEST_TACKLE_0                                               strategy/damage-adapter        (none)        OK
damage_item_0_DITTO_METAL_POWDER_TACKLE_0                                                 strategy/damage-adapter        (none)        OK
damage_item_0_DITTO_METAL_POWDER_SURF_0                                                   strategy/damage-adapter        (none)        OK
damage_stage_0_1_False                                                                    strategy/damage-adapter        (none)        OK
damage_stage_0_1_True                                                                     strategy/damage-adapter        (none)        OK
damage_stage_0_6_False                                                                    strategy/damage-adapter        (none)        OK
damage_stage_0_6_True                                                                     strategy/damage-adapter        (none)        OK
damage_stage_0_7_False                                                                    strategy/damage-adapter        (none)        OK
damage_stage_0_7_True                                                                     strategy/damage-adapter        (none)        OK
damage_stage_0_8_False                                                                    strategy/damage-adapter        (none)        OK
damage_stage_0_8_True                                                                     strategy/damage-adapter        (none)        OK
damage_stage_0_13_False                                                                   strategy/damage-adapter        (none)        OK
damage_stage_0_13_True                                                                    strategy/damage-adapter        (none)        OK
damage_stage_1_1_False                                                                    strategy/damage-adapter        (none)        OK
damage_stage_1_1_True                                                                     strategy/damage-adapter        (none)        OK
damage_stage_1_6_False                                                                    strategy/damage-adapter        (none)        OK
damage_stage_1_6_True                                                                     strategy/damage-adapter        (none)        OK
damage_stage_1_7_False                                                                    strategy/damage-adapter        (none)        OK
damage_stage_1_7_True                                                                     strategy/damage-adapter        (none)        OK
damage_stage_1_8_False                                                                    strategy/damage-adapter        (none)        OK
damage_stage_1_8_True                                                                     strategy/damage-adapter        (none)        OK
damage_stage_1_13_False                                                                   strategy/damage-adapter        (none)        OK
damage_stage_1_13_True                                                                    strategy/damage-adapter        (none)        OK
damage_burn_('NORMAL', 'NORMAL')_False                                                    strategy/damage-adapter        (none)        OK
damage_burn_('NORMAL', 'NORMAL')_True                                                     strategy/damage-adapter        (none)        OK
damage_burn_('FIGHTING', 'NORMAL')_False                                                  strategy/damage-adapter        (none)        OK
damage_burn_('FIGHTING', 'NORMAL')_True                                                   strategy/damage-adapter        (none)        OK
damage_burn_('FIGHTING', 'FIGHTING')_False                                                strategy/damage-adapter        (none)        OK
damage_burn_('FIGHTING', 'FIGHTING')_True                                                 strategy/damage-adapter        (none)        OK
damage_passive_NORMAL_False                                                               strategy/damage-adapter        (none)        OK
damage_passive_NORMAL_True                                                                strategy/damage-adapter        (none)        OK
damage_passive_FIRE_False                                                                 strategy/damage-adapter        (none)        OK
damage_passive_FIRE_True                                                                  strategy/damage-adapter        (none)        OK
damage_passive_GHOST_False                                                                strategy/damage-adapter        (none)        OK
damage_passive_GHOST_True                                                                 strategy/damage-adapter        (none)        OK
damage_passive_DRAGON_False                                                               strategy/damage-adapter        (none)        OK
damage_passive_DRAGON_True                                                                strategy/damage-adapter        (none)        OK
damage_passive_GROUND_False                                                               strategy/damage-adapter        (none)        OK
damage_passive_GROUND_True                                                                strategy/damage-adapter        (none)        OK
damage_passive_BUG_False                                                                  strategy/damage-adapter        (none)        OK
damage_passive_BUG_True                                                                   strategy/damage-adapter        (none)        OK
damage_passive_WATER_False                                                                strategy/damage-adapter        (none)        OK
damage_passive_WATER_True                                                                 strategy/damage-adapter        (none)        OK
damage_passive_ICE_False                                                                  strategy/damage-adapter        (none)        OK
damage_passive_ICE_True                                                                   strategy/damage-adapter        (none)        OK
damage_multihit_SPIKE_CANNON_100                                                          strategy/damage-adapter        (none)        OK
damage_multihit_SPIKE_CANNON_51                                                           strategy/damage-adapter        (none)        OK
damage_multihit_SPIKE_CANNON_49                                                           strategy/damage-adapter        (none)        OK
damage_multihit_DOUBLE_KICK_100                                                           strategy/damage-adapter        (none)        OK
damage_multihit_DOUBLE_KICK_51                                                            strategy/damage-adapter        (none)        OK
damage_multihit_DOUBLE_KICK_49                                                            strategy/damage-adapter        (none)        OK
damage_multihit_TWINEEDLE_100                                                             strategy/damage-adapter        (none)        OK
damage_multihit_TWINEEDLE_51                                                              strategy/damage-adapter        (none)        OK
damage_multihit_TWINEEDLE_49                                                              strategy/damage-adapter        (none)        OK
damage_postroll_EARTHQUAKE_wPlayerSubStatus3_0                                            strategy/damage-adapter        (none)        OK
damage_postroll_EARTHQUAKE_wPlayerSubStatus3_32                                           strategy/damage-adapter        (none)        OK
damage_postroll_GUST_wPlayerSubStatus3_0                                                  strategy/damage-adapter        (none)        OK
damage_postroll_GUST_wPlayerSubStatus3_64                                                 strategy/damage-adapter        (none)        OK
damage_postroll_TWISTER_wPlayerSubStatus3_64                                              strategy/damage-adapter        (none)        OK
damage_postroll_STOMP_wPlayerMinimized_0                                                  strategy/damage-adapter        (none)        OK
damage_postroll_STOMP_wPlayerMinimized_1                                                  strategy/damage-adapter        (none)        OK
damage_postroll_PURSUIT_wPlayerMinimized_0                                                strategy/damage-adapter        (none)        OK
damage_postroll_FALSE_SWIPE_wPlayerMinimized_0                                            strategy/damage-adapter        (none)        OK
damage_outrage_raw_DRATINI_1                                                              strategy/damage-adapter        (none)        OK
damage_outrage_raw_DRATINI_13                                                             strategy/damage-adapter        (none)        OK
damage_outrage_raw_ABRA_1                                                                 strategy/damage-adapter        (none)        OK
damage_outrage_raw_ABRA_13                                                                strategy/damage-adapter        (none)        OK
damage_outrage_raw_MEW_1                                                                  strategy/damage-adapter        (none)        OK
damage_outrage_raw_MEW_13                                                                 strategy/damage-adapter        (none)        OK
damage_transform_0_THUNDERBOLT                                                            strategy/damage-adapter        (none)        OK
damage_transform_0_DRAGON_RAGE                                                            strategy/damage-adapter        (none)        OK
damage_transform_1_THUNDERBOLT                                                            strategy/damage-adapter        (none)        OK
damage_transform_1_DRAGON_RAGE                                                            strategy/damage-adapter        (none)        OK
damage_private_invariance_0_TACKLE                                                        strategy/damage-adapter        (none)        OK
damage_private_invariance_0_SURF                                                          strategy/damage-adapter        (none)        OK
damage_private_invariance_0_OUTRAGE                                                       strategy/damage-adapter        (none)        OK
damage_private_invariance_1_TACKLE                                                        strategy/damage-adapter        (none)        OK
damage_private_invariance_1_SURF                                                          strategy/damage-adapter        (none)        OK
damage_private_invariance_1_OUTRAGE                                                       strategy/damage-adapter        (none)        OK
damage_hit_accuracy_0_7_7_False_False                                                     strategy/damage-adapter        (none)        OK
damage_hit_accuracy_0_7_7_False_True                                                      strategy/damage-adapter        (none)        OK
damage_hit_accuracy_0_1_13_False_False                                                    strategy/damage-adapter        (none)        OK
damage_hit_accuracy_0_1_13_False_True                                                     strategy/damage-adapter        (none)        OK
damage_hit_accuracy_0_13_1_False_False                                                    strategy/damage-adapter        (none)        OK
damage_hit_accuracy_0_13_1_False_True                                                     strategy/damage-adapter        (none)        OK
damage_hit_accuracy_0_1_13_True_False                                                     strategy/damage-adapter        (none)        OK
damage_hit_accuracy_0_1_13_True_True                                                      strategy/damage-adapter        (none)        OK
damage_hit_accuracy_1_7_7_False_False                                                     strategy/damage-adapter        (none)        OK
damage_hit_accuracy_1_7_7_False_True                                                      strategy/damage-adapter        (none)        OK
damage_hit_accuracy_1_1_13_False_False                                                    strategy/damage-adapter        (none)        OK
damage_hit_accuracy_1_1_13_False_True                                                     strategy/damage-adapter        (none)        OK
damage_hit_accuracy_1_13_1_False_False                                                    strategy/damage-adapter        (none)        OK
damage_hit_accuracy_1_13_1_False_True                                                     strategy/damage-adapter        (none)        OK
damage_hit_accuracy_1_1_13_True_False                                                     strategy/damage-adapter        (none)        OK
damage_hit_accuracy_1_1_13_True_True                                                      strategy/damage-adapter        (none)        OK
damage_hit_special_THUNDER_1_{'wBattleWeather': 1}                                        strategy/damage-adapter        (none)        OK
damage_hit_special_THUNDER_1_{'wBattleWeather': 2}                                        strategy/damage-adapter        (none)        OK
damage_hit_special_SWIFT_0_{'wEnemyMonItem': 3}                                           strategy/damage-adapter        (none)        OK
damage_hit_special_TACKLE_0_{'wEnemyMonItem': 3}                                          strategy/damage-adapter        (none)        OK
damage_hit_special_TACKLE_1_{'wEnemySubStatus4': 1}                                       strategy/damage-adapter        (none)        OK
damage_hit_special_TACKLE_1_{'wPlayerSubStatus5': 32}                                     strategy/damage-adapter        (none)        OK
damage_hit_special_TACKLE_1_{'wPlayerSubStatus3': 64}                                     strategy/damage-adapter        (none)        OK
damage_hit_special_GUST_1_{'wPlayerSubStatus3': 64}                                       strategy/damage-adapter        (none)        OK
damage_hit_special_EARTHQUAKE_1_{'wPlayerSubStatus3': 64, 'wPlayerSubStatus5': 32}        strategy/damage-adapter        (none)        OK
damage_hit_special_VITAL_THROW_1_{}                                                       strategy/damage-adapter        (none)        OK
damage_hit_special_QUICK_ATTACK_1_{}                                                      strategy/damage-adapter        (none)        OK
damage_substitute_0_SPIKE_CANNON                                                          strategy/damage-adapter        (none)        OK
damage_substitute_0_TACKLE                                                                strategy/damage-adapter        (none)        OK
damage_substitute_1_SPIKE_CANNON                                                          strategy/damage-adapter        (none)        OK
damage_substitute_1_TACKLE                                                                strategy/damage-adapter        (none)        OK
damage_multihit_overkill_bounds                                                           strategy/damage-adapter        (none)        OK
damage_pursuit_repeated_context                                                           strategy/damage-adapter        (none)        OK
damage_screen_0_TACKLE_False                                                              strategy/damage-adapter        (none)        OK
damage_screen_0_TACKLE_True                                                               strategy/damage-adapter        (none)        OK
damage_screen_0_SURF_False                                                                strategy/damage-adapter        (none)        OK
damage_screen_0_SURF_True                                                                 strategy/damage-adapter        (none)        OK
damage_screen_1_TACKLE_False                                                              strategy/damage-adapter        (none)        OK
damage_screen_1_TACKLE_True                                                               strategy/damage-adapter        (none)        OK
damage_screen_1_SURF_False                                                                strategy/damage-adapter        (none)        OK
damage_screen_1_SURF_True                                                                 strategy/damage-adapter        (none)        OK
damage_item_cap_1_CUBONE_THICK_CLUB                                                       strategy/damage-adapter        (none)        OK
damage_item_cap_1_PIKACHU_LIGHT_BALL                                                      strategy/damage-adapter        (none)        OK
damage_item_cap_1_SNORLAX_CHOICE_BAND                                                     strategy/damage-adapter        (none)        OK
damage_item_cap_0_DITTO_METAL_POWDER                                                      strategy/damage-adapter        (none)        OK
damage_item_cap_0_DRATINI_EVOLITE                                                         strategy/damage-adapter        (none)        OK
damage_balloon_0_False                                                                    strategy/damage-adapter        (none)        OK
damage_balloon_0_True                                                                     strategy/damage-adapter        (none)        OK
damage_balloon_1_False                                                                    strategy/damage-adapter        (none)        OK
damage_balloon_1_True                                                                     strategy/damage-adapter        (none)        OK
public_ko_149_TACKLE_{}_BossAI_CurrentEnemyMoveHasKOPressure                              strategy/public-ko             (none)        OK
public_ko_149_TACKLE_{}_BossAI_HasAnyKOMove                                               strategy/public-ko             (none)        OK
public_ko_16_TACKLE_{}_BossAI_CurrentEnemyMoveHasKOPressure                               strategy/public-ko             (none)        OK
public_ko_16_TACKLE_{}_BossAI_HasAnyKOMove                                                strategy/public-ko             (none)        OK
public_ko_149_TACKLE_{'wPlayerSubStatus3': 64}_BossAI_CurrentEnemyMoveHasKOPressure       strategy/public-ko             (none)        OK
public_ko_149_TACKLE_{'wPlayerSubStatus3': 64}_BossAI_HasAnyKOMove                        strategy/public-ko             (none)        OK
public_ko_149_GUST_{'wPlayerSubStatus3': 64}_BossAI_CurrentEnemyMoveHasKOPressure         strategy/public-ko             (none)        OK
public_ko_149_GUST_{'wPlayerSubStatus3': 64}_BossAI_HasAnyKOMove                          strategy/public-ko             (none)        OK
public_ko_149_TACKLE_{'wPlayerSubStatus4': 16}_BossAI_CurrentEnemyMoveHasKOPressure       strategy/public-ko             (none)        OK
public_ko_149_TACKLE_{'wPlayerSubStatus4': 16}_BossAI_HasAnyKOMove                        strategy/public-ko             (none)        OK
public_ko_149_TACKLE_{'wPlayerSubStatus5': 8}_BossAI_CurrentEnemyMoveHasKOPressure        strategy/public-ko             (none)        OK
public_ko_149_TACKLE_{'wPlayerSubStatus5': 8}_BossAI_HasAnyKOMove                         strategy/public-ko             (none)        OK
public_priority_129_{}                                                                    strategy/public-ko             (none)        OK
public_priority_213_{}                                                                    strategy/public-ko             (none)        OK
public_priority_129_{'wEnemySubStatus3': 64}                                              strategy/public-ko             (none)        OK
public_priority_129_{'wEnemySubStatus4': 16}                                              strategy/public-ko             (none)        OK
public_priority_213_{'wPlayerSubStatus5': 8}                                              strategy/public-ko             (none)        OK
public_multi_sub_0_sub                                                                    strategy/public-ko             (none)        OK
public_multi_sub_0_fainted                                                                strategy/public-ko             (none)        OK
public_multi_sub_0_flying                                                                 strategy/public-ko             (none)        OK
public_multi_sub_1_sub                                                                    strategy/public-ko             (none)        OK
public_multi_sub_1_fainted                                                                strategy/public-ko             (none)        OK
public_multi_sub_1_flying                                                                 strategy/public-ko             (none)        OK
damage_survival_0_none                                                                    strategy/damage-adapter        (none)        OK
damage_survival_0_dual                                                                    strategy/damage-adapter        (none)        OK
damage_survival_0_mono                                                                    strategy/damage-adapter        (none)        OK
damage_survival_1_none                                                                    strategy/damage-adapter        (none)        OK
damage_survival_1_dual                                                                    strategy/damage-adapter        (none)        OK
damage_survival_1_mono                                                                    strategy/damage-adapter        (none)        OK
damage_truncation_255_255_TACKLE                                                          strategy/damage-kernel         (none)        OK
damage_truncation_255_255_EXPLOSION                                                       strategy/damage-kernel         (none)        OK
damage_truncation_256_255_TACKLE                                                          strategy/damage-kernel         (none)        OK
damage_truncation_256_255_EXPLOSION                                                       strategy/damage-kernel         (none)        OK
damage_truncation_255_256_TACKLE                                                          strategy/damage-kernel         (none)        OK
damage_truncation_255_256_EXPLOSION                                                       strategy/damage-kernel         (none)        OK
damage_truncation_256_256_TACKLE                                                          strategy/damage-kernel         (none)        OK
damage_truncation_256_256_EXPLOSION                                                       strategy/damage-kernel         (none)        OK
damage_truncation_999_999_TACKLE                                                          strategy/damage-kernel         (none)        OK
damage_truncation_999_999_EXPLOSION                                                       strategy/damage-kernel         (none)        OK
damage_truncation_1498_1998_TACKLE                                                        strategy/damage-kernel         (none)        OK
damage_truncation_1498_1998_EXPLOSION                                                     strategy/damage-kernel         (none)        OK
damage_truncation_1024_1_TACKLE                                                           strategy/damage-kernel         (none)        OK
damage_truncation_1024_1_EXPLOSION                                                        strategy/damage-kernel         (none)        OK
damage_truncation_1_1024_TACKLE                                                           strategy/damage-kernel         (none)        OK
damage_truncation_1_1024_EXPLOSION                                                        strategy/damage-kernel         (none)        OK
damage_hp_threshold_0_FIRE_-1                                                             strategy/damage-adapter        (none)        OK
damage_hp_threshold_0_FIRE_0                                                              strategy/damage-adapter        (none)        OK
damage_hp_threshold_0_FIRE_1                                                              strategy/damage-adapter        (none)        OK
damage_hp_threshold_0_ICE_-1                                                              strategy/damage-adapter        (none)        OK
damage_hp_threshold_0_ICE_0                                                               strategy/damage-adapter        (none)        OK
damage_hp_threshold_0_ICE_1                                                               strategy/damage-adapter        (none)        OK
damage_hp_threshold_1_FIRE_-1                                                             strategy/damage-adapter        (none)        OK
damage_hp_threshold_1_FIRE_0                                                              strategy/damage-adapter        (none)        OK
damage_hp_threshold_1_FIRE_1                                                              strategy/damage-adapter        (none)        OK
damage_hp_threshold_1_ICE_-1                                                              strategy/damage-adapter        (none)        OK
damage_hp_threshold_1_ICE_0                                                               strategy/damage-adapter        (none)        OK
damage_hp_threshold_1_ICE_1                                                               strategy/damage-adapter        (none)        OK
damage_status_survival_0                                                                  strategy/damage-adapter        (none)        OK
damage_status_survival_1                                                                  strategy/damage-adapter        (none)        OK
party_damage_0_0_SNORLAX_None_TACKLE                                                      strategy/party-damage          (none)        OK
party_damage_0_0_SNORLAX_None_SURF                                                        strategy/party-damage          (none)        OK
party_damage_0_0_DRAGONITE_None_OUTRAGE                                                   strategy/party-damage          (none)        OK
party_damage_0_0_CUBONE_THICK_CLUB_TACKLE                                                 strategy/party-damage          (none)        OK
party_damage_0_0_PIKACHU_LIGHT_BALL_THUNDERBOLT                                           strategy/party-damage          (none)        OK
party_damage_0_0_SNORLAX_CHOICE_BAND_TACKLE                                               strategy/party-damage          (none)        OK
party_damage_0_0_SNORLAX_CHOICE_SPECS_SURF                                                strategy/party-damage          (none)        OK
party_damage_0_0_DRATINI_EVOLITE_TACKLE                                                   strategy/party-damage          (none)        OK
party_damage_0_0_SNORLAX_ASSAULT_VEST_SURF                                                strategy/party-damage          (none)        OK
party_damage_0_0_SNORLAX_AIR_BALLOON_EARTHQUAKE                                           strategy/party-damage          (none)        OK
party_damage_0_0_DITTO_METAL_POWDER_TACKLE                                                strategy/party-damage          (none)        OK
party_damage_0_0_DITTO_None_DRAGON_RAGE                                                   strategy/party-damage          (none)        OK
party_damage_0_5_SNORLAX_None_TACKLE                                                      strategy/party-damage          (none)        OK
party_damage_0_5_SNORLAX_None_SURF                                                        strategy/party-damage          (none)        OK
party_damage_0_5_DRAGONITE_None_OUTRAGE                                                   strategy/party-damage          (none)        OK
party_damage_0_5_CUBONE_THICK_CLUB_TACKLE                                                 strategy/party-damage          (none)        OK
party_damage_0_5_PIKACHU_LIGHT_BALL_THUNDERBOLT                                           strategy/party-damage          (none)        OK
party_damage_0_5_SNORLAX_CHOICE_BAND_TACKLE                                               strategy/party-damage          (none)        OK
party_damage_0_5_SNORLAX_CHOICE_SPECS_SURF                                                strategy/party-damage          (none)        OK
party_damage_0_5_DRATINI_EVOLITE_TACKLE                                                   strategy/party-damage          (none)        OK
party_damage_0_5_SNORLAX_ASSAULT_VEST_SURF                                                strategy/party-damage          (none)        OK
party_damage_0_5_SNORLAX_AIR_BALLOON_EARTHQUAKE                                           strategy/party-damage          (none)        OK
party_damage_0_5_DITTO_METAL_POWDER_TACKLE                                                strategy/party-damage          (none)        OK
party_damage_0_5_DITTO_None_DRAGON_RAGE                                                   strategy/party-damage          (none)        OK
party_damage_1_0_SNORLAX_None_TACKLE                                                      strategy/party-damage          (none)        OK
party_damage_1_0_SNORLAX_None_SURF                                                        strategy/party-damage          (none)        OK
party_damage_1_0_DRAGONITE_None_OUTRAGE                                                   strategy/party-damage          (none)        OK
party_damage_1_0_CUBONE_THICK_CLUB_TACKLE                                                 strategy/party-damage          (none)        OK
party_damage_1_0_PIKACHU_LIGHT_BALL_THUNDERBOLT                                           strategy/party-damage          (none)        OK
party_damage_1_0_SNORLAX_CHOICE_BAND_TACKLE                                               strategy/party-damage          (none)        OK
party_damage_1_0_SNORLAX_CHOICE_SPECS_SURF                                                strategy/party-damage          (none)        OK
party_damage_1_0_DRATINI_EVOLITE_TACKLE                                                   strategy/party-damage          (none)        OK
party_damage_1_0_SNORLAX_ASSAULT_VEST_SURF                                                strategy/party-damage          (none)        OK
party_damage_1_0_SNORLAX_AIR_BALLOON_EARTHQUAKE                                           strategy/party-damage          (none)        OK
party_damage_1_0_DITTO_METAL_POWDER_TACKLE                                                strategy/party-damage          (none)        OK
party_damage_1_0_DITTO_None_DRAGON_RAGE                                                   strategy/party-damage          (none)        OK
party_damage_1_5_SNORLAX_None_TACKLE                                                      strategy/party-damage          (none)        OK
party_damage_1_5_SNORLAX_None_SURF                                                        strategy/party-damage          (none)        OK
party_damage_1_5_DRAGONITE_None_OUTRAGE                                                   strategy/party-damage          (none)        OK
party_damage_1_5_CUBONE_THICK_CLUB_TACKLE                                                 strategy/party-damage          (none)        OK
party_damage_1_5_PIKACHU_LIGHT_BALL_THUNDERBOLT                                           strategy/party-damage          (none)        OK
party_damage_1_5_SNORLAX_CHOICE_BAND_TACKLE                                               strategy/party-damage          (none)        OK
party_damage_1_5_SNORLAX_CHOICE_SPECS_SURF                                                strategy/party-damage          (none)        OK
party_damage_1_5_DRATINI_EVOLITE_TACKLE                                                   strategy/party-damage          (none)        OK
party_damage_1_5_SNORLAX_ASSAULT_VEST_SURF                                                strategy/party-damage          (none)        OK
party_damage_1_5_SNORLAX_AIR_BALLOON_EARTHQUAKE                                           strategy/party-damage          (none)        OK
party_damage_1_5_DITTO_METAL_POWDER_TACKLE                                                strategy/party-damage          (none)        OK
party_damage_1_5_DITTO_None_DRAGON_RAGE                                                   strategy/party-damage          (none)        OK
party_damage_burn_SNORLAX_False                                                           strategy/party-damage          (none)        OK
party_damage_burn_SNORLAX_True                                                            strategy/party-damage          (none)        OK
party_damage_burn_MACHAMP_False                                                           strategy/party-damage          (none)        OK
party_damage_burn_MACHAMP_True                                                            strategy/party-damage          (none)        OK
party_damage_burn_HERACROSS_False                                                         strategy/party-damage          (none)        OK
party_damage_burn_HERACROSS_True                                                          strategy/party-damage          (none)        OK
party_item_multihit_1_LIFE_ORB_SPIKE_CANNON                                               strategy/party-damage          (none)        OK
party_item_multihit_1_SHELL_BELL_SPIKE_CANNON                                             strategy/party-damage          (none)        OK
party_item_multihit_1_LIFE_ORB_TACKLE                                                     strategy/party-damage          (none)        OK
party_item_multihit_1_SHELL_BELL_TACKLE                                                   strategy/party-damage          (none)        OK
party_item_multihit_0_ROCKY_HELMET_DOUBLE_KICK                                            strategy/party-damage          (none)        OK
party_item_multihit_0_ROCKY_HELMET_SPIKE_CANNON                                           strategy/party-damage          (none)        OK
party_item_multihit_0_ROCKY_HELMET_TACKLE                                                 strategy/party-damage          (none)        OK
party_item_multihit_0_None_DOUBLE_KICK                                                    strategy/party-damage          (none)        OK
party_item_multihit_1_None_SPIKE_CANNON                                                   strategy/party-damage          (none)        OK
party_ditto_fixed_immunity_unknown                                                        strategy/party-damage          (none)        OK
party_raw_overkill_TAKE_DOWN                                                              strategy/party-damage          (none)        OK
party_raw_overkill_GIGA_DRAIN                                                             strategy/party-damage          (none)        OK
party_raw_overkill_PURSUIT                                                                strategy/party-damage          (none)        OK
action_entry_SNORLAX_0_0_317                                                              strategy/action-facts          (none)        OK
action_entry_SNORLAX_0_1_317                                                              strategy/action-facts          (none)        OK
action_entry_SNORLAX_0_299_317                                                            strategy/action-facts          (none)        OK
action_entry_SNORLAX_0_1_1                                                                strategy/action-facts          (none)        OK
action_entry_SNORLAX_1_0_317                                                              strategy/action-facts          (none)        OK
action_entry_SNORLAX_1_1_317                                                              strategy/action-facts          (none)        OK
action_entry_SNORLAX_1_299_317                                                            strategy/action-facts          (none)        OK
action_entry_SNORLAX_1_1_1                                                                strategy/action-facts          (none)        OK
action_entry_SNORLAX_2_0_317                                                              strategy/action-facts          (none)        OK
action_entry_SNORLAX_2_1_317                                                              strategy/action-facts          (none)        OK
action_entry_SNORLAX_2_299_317                                                            strategy/action-facts          (none)        OK
action_entry_SNORLAX_2_1_1                                                                strategy/action-facts          (none)        OK
action_entry_SNORLAX_3_0_317                                                              strategy/action-facts          (none)        OK
action_entry_SNORLAX_3_1_317                                                              strategy/action-facts          (none)        OK
action_entry_SNORLAX_3_299_317                                                            strategy/action-facts          (none)        OK
action_entry_SNORLAX_3_1_1                                                                strategy/action-facts          (none)        OK
action_entry_PIDGEOT_0_0_317                                                              strategy/action-facts          (none)        OK
action_entry_PIDGEOT_0_1_317                                                              strategy/action-facts          (none)        OK
action_entry_PIDGEOT_0_299_317                                                            strategy/action-facts          (none)        OK
action_entry_PIDGEOT_0_1_1                                                                strategy/action-facts          (none)        OK
action_entry_PIDGEOT_1_0_317                                                              strategy/action-facts          (none)        OK
action_entry_PIDGEOT_1_1_317                                                              strategy/action-facts          (none)        OK
action_entry_PIDGEOT_1_299_317                                                            strategy/action-facts          (none)        OK
action_entry_PIDGEOT_1_1_1                                                                strategy/action-facts          (none)        OK
action_entry_PIDGEOT_2_0_317                                                              strategy/action-facts          (none)        OK
action_entry_PIDGEOT_2_1_317                                                              strategy/action-facts          (none)        OK
action_entry_PIDGEOT_2_299_317                                                            strategy/action-facts          (none)        OK
action_entry_PIDGEOT_2_1_1                                                                strategy/action-facts          (none)        OK
action_entry_PIDGEOT_3_0_317                                                              strategy/action-facts          (none)        OK
action_entry_PIDGEOT_3_1_317                                                              strategy/action-facts          (none)        OK
action_entry_PIDGEOT_3_299_317                                                            strategy/action-facts          (none)        OK
action_entry_PIDGEOT_3_1_1                                                                strategy/action-facts          (none)        OK
action_recovery_RECOVER_0_317                                                             strategy/action-facts          (none)        OK
action_recovery_RECOVER_1_317                                                             strategy/action-facts          (none)        OK
action_recovery_RECOVER_316_317                                                           strategy/action-facts          (none)        OK
action_recovery_RECOVER_317_317                                                           strategy/action-facts          (none)        OK
action_recovery_RECOVER_1_3                                                               strategy/action-facts          (none)        OK
action_recovery_REST_0_317                                                                strategy/action-facts          (none)        OK
action_recovery_REST_1_317                                                                strategy/action-facts          (none)        OK
action_recovery_REST_316_317                                                              strategy/action-facts          (none)        OK
action_recovery_REST_317_317                                                              strategy/action-facts          (none)        OK
action_recovery_REST_1_3                                                                  strategy/action-facts          (none)        OK
action_time_heal_MORNING_SUN_0_False_0                                                    strategy/action-facts          (none)        OK
action_time_heal_MORNING_SUN_0_False_1                                                    strategy/action-facts          (none)        OK
action_time_heal_MORNING_SUN_0_False_2                                                    strategy/action-facts          (none)        OK
action_time_heal_MORNING_SUN_0_False_3                                                    strategy/action-facts          (none)        OK
action_time_heal_MORNING_SUN_0_True_0                                                     strategy/action-facts          (none)        OK
action_time_heal_MORNING_SUN_0_True_1                                                     strategy/action-facts          (none)        OK
action_time_heal_MORNING_SUN_0_True_2                                                     strategy/action-facts          (none)        OK
action_time_heal_MORNING_SUN_0_True_3                                                     strategy/action-facts          (none)        OK
action_time_heal_MORNING_SUN_1_False_0                                                    strategy/action-facts          (none)        OK
action_time_heal_MORNING_SUN_1_False_1                                                    strategy/action-facts          (none)        OK
action_time_heal_MORNING_SUN_1_False_2                                                    strategy/action-facts          (none)        OK
action_time_heal_MORNING_SUN_1_False_3                                                    strategy/action-facts          (none)        OK
action_time_heal_MORNING_SUN_1_True_0                                                     strategy/action-facts          (none)        OK
action_time_heal_MORNING_SUN_1_True_1                                                     strategy/action-facts          (none)        OK
action_time_heal_MORNING_SUN_1_True_2                                                     strategy/action-facts          (none)        OK
action_time_heal_MORNING_SUN_1_True_3                                                     strategy/action-facts          (none)        OK
action_time_heal_SYNTHESIS_0_False_0                                                      strategy/action-facts          (none)        OK
action_time_heal_SYNTHESIS_0_False_1                                                      strategy/action-facts          (none)        OK
action_time_heal_SYNTHESIS_0_False_2                                                      strategy/action-facts          (none)        OK
action_time_heal_SYNTHESIS_0_False_3                                                      strategy/action-facts          (none)        OK
action_time_heal_SYNTHESIS_0_True_0                                                       strategy/action-facts          (none)        OK
action_time_heal_SYNTHESIS_0_True_1                                                       strategy/action-facts          (none)        OK
action_time_heal_SYNTHESIS_0_True_2                                                       strategy/action-facts          (none)        OK
action_time_heal_SYNTHESIS_0_True_3                                                       strategy/action-facts          (none)        OK
action_time_heal_SYNTHESIS_1_False_0                                                      strategy/action-facts          (none)        OK
action_time_heal_SYNTHESIS_1_False_1                                                      strategy/action-facts          (none)        OK
action_time_heal_SYNTHESIS_1_False_2                                                      strategy/action-facts          (none)        OK
action_time_heal_SYNTHESIS_1_False_3                                                      strategy/action-facts          (none)        OK
action_time_heal_SYNTHESIS_1_True_0                                                       strategy/action-facts          (none)        OK
action_time_heal_SYNTHESIS_1_True_1                                                       strategy/action-facts          (none)        OK
action_time_heal_SYNTHESIS_1_True_2                                                       strategy/action-facts          (none)        OK
action_time_heal_SYNTHESIS_1_True_3                                                       strategy/action-facts          (none)        OK
action_time_heal_MOONLIGHT_0_False_0                                                      strategy/action-facts          (none)        OK
action_time_heal_MOONLIGHT_0_False_1                                                      strategy/action-facts          (none)        OK
action_time_heal_MOONLIGHT_0_False_2                                                      strategy/action-facts          (none)        OK
action_time_heal_MOONLIGHT_0_False_3                                                      strategy/action-facts          (none)        OK
action_time_heal_MOONLIGHT_0_True_0                                                       strategy/action-facts          (none)        OK
action_time_heal_MOONLIGHT_0_True_1                                                       strategy/action-facts          (none)        OK
action_time_heal_MOONLIGHT_0_True_2                                                       strategy/action-facts          (none)        OK
action_time_heal_MOONLIGHT_0_True_3                                                       strategy/action-facts          (none)        OK
action_time_heal_MOONLIGHT_1_False_0                                                      strategy/action-facts          (none)        OK
action_time_heal_MOONLIGHT_1_False_1                                                      strategy/action-facts          (none)        OK
action_time_heal_MOONLIGHT_1_False_2                                                      strategy/action-facts          (none)        OK
action_time_heal_MOONLIGHT_1_False_3                                                      strategy/action-facts          (none)        OK
action_time_heal_MOONLIGHT_1_True_0                                                       strategy/action-facts          (none)        OK
action_time_heal_MOONLIGHT_1_True_1                                                       strategy/action-facts          (none)        OK
action_time_heal_MOONLIGHT_1_True_2                                                       strategy/action-facts          (none)        OK
action_time_heal_MOONLIGHT_1_True_3                                                       strategy/action-facts          (none)        OK
action_self_Recoil_NORMAL_NORMAL_0_100                                                    strategy/action-self-effects   (none)        OK
action_self_Recoil_NORMAL_NORMAL_1_100                                                    strategy/action-self-effects   (none)        OK
action_self_Recoil_NORMAL_NORMAL_7_100                                                    strategy/action-self-effects   (none)        OK
action_self_Recoil_NORMAL_NORMAL_511_100                                                  strategy/action-self-effects   (none)        OK
action_self_Recoil_NORMAL_NORMAL_511_1                                                    strategy/action-self-effects   (none)        OK
action_self_Recoil_NORMAL_NORMAL_511_0                                                    strategy/action-self-effects   (none)        OK
action_self_Recoil_NORMAL_NORMAL_65535_100                                                strategy/action-self-effects   (none)        OK
action_self_Recoil_STEEL_STEEL_0_100                                                      strategy/action-self-effects   (none)        OK
action_self_Recoil_STEEL_STEEL_1_100                                                      strategy/action-self-effects   (none)        OK
action_self_Recoil_STEEL_STEEL_7_100                                                      strategy/action-self-effects   (none)        OK
action_self_Recoil_STEEL_STEEL_511_100                                                    strategy/action-self-effects   (none)        OK
action_self_Recoil_STEEL_STEEL_511_1                                                      strategy/action-self-effects   (none)        OK
action_self_Recoil_STEEL_STEEL_511_0                                                      strategy/action-self-effects   (none)        OK
action_self_Recoil_STEEL_STEEL_65535_100                                                  strategy/action-self-effects   (none)        OK
action_self_Recoil_STEEL_GROUND_0_100                                                     strategy/action-self-effects   (none)        OK
action_self_Recoil_STEEL_GROUND_1_100                                                     strategy/action-self-effects   (none)        OK
action_self_Recoil_STEEL_GROUND_7_100                                                     strategy/action-self-effects   (none)        OK
action_self_Recoil_STEEL_GROUND_511_100                                                   strategy/action-self-effects   (none)        OK
action_self_Recoil_STEEL_GROUND_511_1                                                     strategy/action-self-effects   (none)        OK
action_self_Recoil_STEEL_GROUND_511_0                                                     strategy/action-self-effects   (none)        OK
action_self_Recoil_STEEL_GROUND_65535_100                                                 strategy/action-self-effects   (none)        OK
action_self_Drain_NORMAL_NORMAL_0_100                                                     strategy/action-self-effects   (none)        OK
action_self_Drain_NORMAL_NORMAL_1_100                                                     strategy/action-self-effects   (none)        OK
action_self_Drain_NORMAL_NORMAL_7_100                                                     strategy/action-self-effects   (none)        OK
action_self_Drain_NORMAL_NORMAL_511_100                                                   strategy/action-self-effects   (none)        OK
action_self_Drain_NORMAL_NORMAL_511_1                                                     strategy/action-self-effects   (none)        OK
action_self_Drain_NORMAL_NORMAL_511_0                                                     strategy/action-self-effects   (none)        OK
action_self_Drain_NORMAL_NORMAL_65535_100                                                 strategy/action-self-effects   (none)        OK
action_self_Drain_STEEL_STEEL_0_100                                                       strategy/action-self-effects   (none)        OK
action_self_Drain_STEEL_STEEL_1_100                                                       strategy/action-self-effects   (none)        OK
action_self_Drain_STEEL_STEEL_7_100                                                       strategy/action-self-effects   (none)        OK
action_self_Drain_STEEL_STEEL_511_100                                                     strategy/action-self-effects   (none)        OK
action_self_Drain_STEEL_STEEL_511_1                                                       strategy/action-self-effects   (none)        OK
action_self_Drain_STEEL_STEEL_511_0                                                       strategy/action-self-effects   (none)        OK
action_self_Drain_STEEL_STEEL_65535_100                                                   strategy/action-self-effects   (none)        OK
action_self_Drain_STEEL_GROUND_0_100                                                      strategy/action-self-effects   (none)        OK
action_self_Drain_STEEL_GROUND_1_100                                                      strategy/action-self-effects   (none)        OK
action_self_Drain_STEEL_GROUND_7_100                                                      strategy/action-self-effects   (none)        OK
action_self_Drain_STEEL_GROUND_511_100                                                    strategy/action-self-effects   (none)        OK
action_self_Drain_STEEL_GROUND_511_1                                                      strategy/action-self-effects   (none)        OK
action_self_Drain_STEEL_GROUND_511_0                                                      strategy/action-self-effects   (none)        OK
action_self_Drain_STEEL_GROUND_65535_100                                                  strategy/action-self-effects   (none)        OK
action_speeds_None_SNORLAX_False_False                                                    strategy/action-speeds         (none)        OK
action_speeds_None_SNORLAX_False_True                                                     strategy/action-speeds         (none)        OK
action_speeds_None_SNORLAX_True_False                                                     strategy/action-speeds         (none)        OK
action_speeds_None_SNORLAX_True_True                                                      strategy/action-speeds         (none)        OK
action_speeds_None_JOLTEON_False_False                                                    strategy/action-speeds         (none)        OK
action_speeds_None_JOLTEON_False_True                                                     strategy/action-speeds         (none)        OK
action_speeds_None_JOLTEON_True_False                                                     strategy/action-speeds         (none)        OK
action_speeds_None_JOLTEON_True_True                                                      strategy/action-speeds         (none)        OK
action_speeds_None_RAICHU_False_False                                                     strategy/action-speeds         (none)        OK
action_speeds_None_RAICHU_False_True                                                      strategy/action-speeds         (none)        OK
action_speeds_None_RAICHU_True_False                                                      strategy/action-speeds         (none)        OK
action_speeds_None_RAICHU_True_True                                                       strategy/action-speeds         (none)        OK
action_speeds_None_MACHAMP_False_False                                                    strategy/action-speeds         (none)        OK
action_speeds_None_MACHAMP_False_True                                                     strategy/action-speeds         (none)        OK
action_speeds_None_MACHAMP_True_False                                                     strategy/action-speeds         (none)        OK
action_speeds_None_MACHAMP_True_True                                                      strategy/action-speeds         (none)        OK
action_speeds_2_SNORLAX_False_False                                                       strategy/action-speeds         (none)        OK
action_speeds_2_SNORLAX_False_True                                                        strategy/action-speeds         (none)        OK
action_speeds_2_SNORLAX_True_False                                                        strategy/action-speeds         (none)        OK
action_speeds_2_SNORLAX_True_True                                                         strategy/action-speeds         (none)        OK
action_speeds_2_JOLTEON_False_False                                                       strategy/action-speeds         (none)        OK
action_speeds_2_JOLTEON_False_True                                                        strategy/action-speeds         (none)        OK
action_speeds_2_JOLTEON_True_False                                                        strategy/action-speeds         (none)        OK
action_speeds_2_JOLTEON_True_True                                                         strategy/action-speeds         (none)        OK
action_speeds_2_RAICHU_False_False                                                        strategy/action-speeds         (none)        OK
action_speeds_2_RAICHU_False_True                                                         strategy/action-speeds         (none)        OK
action_speeds_2_RAICHU_True_False                                                         strategy/action-speeds         (none)        OK
action_speeds_2_RAICHU_True_True                                                          strategy/action-speeds         (none)        OK
action_speeds_2_MACHAMP_False_False                                                       strategy/action-speeds         (none)        OK
action_speeds_2_MACHAMP_False_True                                                        strategy/action-speeds         (none)        OK
action_speeds_2_MACHAMP_True_False                                                        strategy/action-speeds         (none)        OK
action_speeds_2_MACHAMP_True_True                                                         strategy/action-speeds         (none)        OK
action_speed_stage_1_1_None                                                               strategy/action-speeds         (none)        OK
action_speed_stage_1_1_2                                                                  strategy/action-speeds         (none)        OK
action_speed_stage_1_7_None                                                               strategy/action-speeds         (none)        OK
action_speed_stage_1_7_2                                                                  strategy/action-speeds         (none)        OK
action_speed_stage_1_13_None                                                              strategy/action-speeds         (none)        OK
action_speed_stage_1_13_2                                                                 strategy/action-speeds         (none)        OK
action_speed_stage_100_1_None                                                             strategy/action-speeds         (none)        OK
action_speed_stage_100_1_2                                                                strategy/action-speeds         (none)        OK
action_speed_stage_100_7_None                                                             strategy/action-speeds         (none)        OK
action_speed_stage_100_7_2                                                                strategy/action-speeds         (none)        OK
action_speed_stage_100_13_None                                                            strategy/action-speeds         (none)        OK
action_speed_stage_100_13_2                                                               strategy/action-speeds         (none)        OK
action_speed_transform_unknown_False                                                      strategy/action-speeds         (none)        OK
action_speed_transform_unknown_True                                                       strategy/action-speeds         (none)        OK
exchange_trade_damage                                                                     strategy/action-exchange       (none)        OK
exchange_cache_fire_crossing                                                              strategy/action-exchange       (none)        OK
exchange_cache_fire_same_band                                                             strategy/action-exchange       (none)        OK
exchange_cache_ice_crossing                                                               strategy/action-exchange       (none)        OK
exchange_cache_target_cap_growth                                                          strategy/action-exchange       (none)        OK
exchange_cache_false_swipe_excluded                                                       strategy/action-exchange       (none)        OK
exchange_cache_fang_excluded                                                              strategy/action-exchange       (none)        OK
exchange_cache_multihit_excluded                                                          strategy/action-exchange       (none)        OK
exchange_cache_pursuit_normalized                                                         strategy/action-exchange       (none)        OK
exchange_cache_unknown_speed                                                              strategy/action-exchange       (none)        OK
exchange_cache_own_vital_throw                                                            strategy/action-exchange       (none)        OK
exchange_cache_reply_vital_throw                                                          strategy/action-exchange       (none)        OK
exchange_cache_reply_miss                                                                 strategy/action-exchange       (none)        OK
exchange_cache_both_miss                                                                  strategy/action-exchange       (none)        OK
exchange_cache_reuse_all_events                                                           strategy/action-exchange       (none)        OK
exchange_fast_finish                                                                      strategy/action-exchange       (none)        OK
exchange_denied_by_finish                                                                 strategy/action-exchange       (none)        OK
exchange_fast_recover                                                                     strategy/action-exchange       (none)        OK
exchange_slow_recover                                                                     strategy/action-exchange       (none)        OK
exchange_switch_tempo                                                                     strategy/action-exchange       (none)        OK
exchange_replacement_no_extra_turn                                                        strategy/action-exchange       (none)        OK
exchange_entry_faint                                                                      strategy/action-exchange       (none)        OK
exchange_large_hp_fraction                                                                strategy/action-exchange       (none)        OK
exchange_wincon_fraction                                                                  strategy/action-exchange       (none)        OK
exchange_selfdestruct_guaranteed_miss                                                     strategy/action-exchange       (none)        OK
exchange_recoil_immunity                                                                  strategy/action-exchange       (none)        OK
exchange_drain_immunity                                                                   strategy/action-exchange       (none)        OK
exchange_sleep_denies_action                                                              strategy/action-exchange       (none)        OK
exchange_recharge_denies_action                                                           strategy/action-exchange       (none)        OK
exchange_frozen_denies_explosion                                                          strategy/action-exchange       (none)        OK
exchange_snore_wakes_and_fails                                                            strategy/action-exchange       (none)        OK
exchange_reply_sleep_denied                                                               strategy/action-exchange       (none)        OK
exchange_reply_recovers                                                                   strategy/action-exchange       (none)        OK
exchange_rest_full_fails                                                                  strategy/action-exchange       (none)        OK
exchange_fixed_own_miss_branch                                                            strategy/action-exchange       (none)        OK
exchange_fixed_own_hit_branch                                                             strategy/action-exchange       (none)        OK
exchange_ordinary_amount_range                                                            strategy/action-exchange       (none)        OK
exchange_overkill_raw_range                                                               strategy/action-exchange       (none)        OK
exchange_switch_pursuit_unresolved                                                        strategy/action-exchange       (none)        OK
exchange_quick_claw_order_uncertain                                                       strategy/action-exchange       (none)        OK
exchange_flinch_denies_action                                                             strategy/action-exchange       (none)        OK
exchange_attract_unresolved                                                               strategy/action-exchange       (none)        OK
exchange_life_orb_then_reply                                                              strategy/action-exchange       (none)        OK
exchange_life_orb_faint                                                                   strategy/action-exchange       (none)        OK
exchange_shell_bell_raw_overkill                                                          strategy/action-exchange       (none)        OK
exchange_shell_bell_cap                                                                   strategy/action-exchange       (none)        OK
exchange_shell_bell_cannot_revive_explosion                                               strategy/action-exchange       (none)        OK
exchange_helmet_contact                                                                   strategy/action-exchange       (none)        OK
exchange_helmet_noncontact                                                                strategy/action-exchange       (none)        OK
exchange_helmet_holder_faints                                                             strategy/action-exchange       (none)        OK
exchange_life_orb_zero_then_drain                                                         strategy/action-exchange       (none)        OK
exchange_helmet_zero_then_drain                                                           strategy/action-exchange       (none)        OK
exchange_shell_bell_then_recoil                                                           strategy/action-exchange       (none)        OK
exchange_own_maximum_amount                                                               strategy/action-exchange       (none)        OK
exchange_reply_minimum_amount                                                             strategy/action-exchange       (none)        OK
exchange_reply_maximum_amount                                                             strategy/action-exchange       (none)        OK
exchange_claw_own_first_branch                                                            strategy/action-exchange       (none)        OK
exchange_claw_reply_first_branch                                                          strategy/action-exchange       (none)        OK
exchange_priority_precedes_order_branch                                                   strategy/action-exchange       (none)        OK
defense_harden_own_0_0                                                                    strategy/defense-exchange      (none)        OK
defense_harden_own_0_1                                                                    strategy/defense-exchange      (none)        OK
defense_harden_own_1_0                                                                    strategy/defense-exchange      (none)        OK
defense_harden_own_1_1                                                                    strategy/defense-exchange      (none)        OK
defense_harden_player_0_0                                                                 strategy/defense-exchange      (none)        OK
defense_harden_player_0_1                                                                 strategy/defense-exchange      (none)        OK
defense_harden_player_1_0                                                                 strategy/defense-exchange      (none)        OK
defense_harden_player_1_1                                                                 strategy/defense-exchange      (none)        OK
defense_withdraw_own_0_0                                                                  strategy/defense-exchange      (none)        OK
defense_withdraw_own_0_1                                                                  strategy/defense-exchange      (none)        OK
defense_withdraw_own_1_0                                                                  strategy/defense-exchange      (none)        OK
defense_withdraw_own_1_1                                                                  strategy/defense-exchange      (none)        OK
defense_withdraw_player_0_0                                                               strategy/defense-exchange      (none)        OK
defense_withdraw_player_0_1                                                               strategy/defense-exchange      (none)        OK
defense_withdraw_player_1_0                                                               strategy/defense-exchange      (none)        OK
defense_withdraw_player_1_1                                                               strategy/defense-exchange      (none)        OK
defense_barrier_own_0_0                                                                   strategy/defense-exchange      (none)        OK
defense_barrier_own_0_1                                                                   strategy/defense-exchange      (none)        OK
defense_barrier_own_1_0                                                                   strategy/defense-exchange      (none)        OK
defense_barrier_own_1_1                                                                   strategy/defense-exchange      (none)        OK
defense_barrier_player_0_0                                                                strategy/defense-exchange      (none)        OK
defense_barrier_player_0_1                                                                strategy/defense-exchange      (none)        OK
defense_barrier_player_1_0                                                                strategy/defense-exchange      (none)        OK
defense_barrier_player_1_1                                                                strategy/defense-exchange      (none)        OK
defense_acid_armor_own_0_0                                                                strategy/defense-exchange      (none)        OK
defense_acid_armor_own_0_1                                                                strategy/defense-exchange      (none)        OK
defense_acid_armor_own_1_0                                                                strategy/defense-exchange      (none)        OK
defense_acid_armor_own_1_1                                                                strategy/defense-exchange      (none)        OK
defense_acid_armor_player_0_0                                                             strategy/defense-exchange      (none)        OK
defense_acid_armor_player_0_1                                                             strategy/defense-exchange      (none)        OK
defense_acid_armor_player_1_0                                                             strategy/defense-exchange      (none)        OK
defense_acid_armor_player_1_1                                                             strategy/defense-exchange      (none)        OK
defense_amnesia_own_0_0                                                                   strategy/defense-exchange      (none)        OK
defense_amnesia_own_0_1                                                                   strategy/defense-exchange      (none)        OK
defense_amnesia_own_1_0                                                                   strategy/defense-exchange      (none)        OK
defense_amnesia_own_1_1                                                                   strategy/defense-exchange      (none)        OK
defense_amnesia_player_0_0                                                                strategy/defense-exchange      (none)        OK
defense_amnesia_player_0_1                                                                strategy/defense-exchange      (none)        OK
defense_amnesia_player_1_0                                                                strategy/defense-exchange      (none)        OK
defense_amnesia_player_1_1                                                                strategy/defense-exchange      (none)        OK
defense_edge_reflect                                                                      strategy/defense-exchange      (none)        OK
defense_edge_light_screen                                                                 strategy/defense-exchange      (none)        OK
defense_edge_public_reflect                                                               strategy/defense-exchange      (none)        OK
defense_edge_public_light_screen                                                          strategy/defense-exchange      (none)        OK
defense_edge_plus_five                                                                    strategy/defense-exchange      (none)        OK
defense_edge_plus_six                                                                     strategy/defense-exchange      (none)        OK
defense_edge_already_999                                                                  strategy/defense-exchange      (none)        OK
defense_edge_eviolite_reflect                                                             strategy/defense-exchange      (none)        OK
defense_edge_eviolite_light_screen                                                        strategy/defense-exchange      (none)        OK
defense_edge_metal_powder_reflect                                                         strategy/defense-exchange      (none)        OK
defense_tie_own_12                                                                        strategy/defense-exchange      (none)        OK
defense_tie_own_4                                                                         strategy/defense-exchange      (none)        OK
defense_tie_player_12                                                                     strategy/defense-exchange      (none)        OK
defense_tie_player_4                                                                      strategy/defense-exchange      (none)        OK
candidates_all_legal_including_low_hp_bench                                               strategy/action-candidates     TACKLE        OK
candidates_exact_slot_pp_mask                                                             strategy/action-candidates     TACKLE        OK
candidates_disabled                                                                       strategy/action-candidates     TACKLE        OK
candidates_empty_pp_struggle                                                              strategy/action-candidates     TACKLE        OK
candidates_choice_lock                                                                    strategy/action-candidates     TACKLE        OK
candidates_choice_first_turn                                                              strategy/action-candidates     TACKLE        OK
candidates_stale_lock_ignored                                                             strategy/action-candidates     TACKLE        OK
candidates_choice_missing                                                                 strategy/action-candidates     TACKLE        OK
candidates_choice_disabled                                                                strategy/action-candidates     TACKLE        OK
candidates_choice_duplicate_first_exhausted                                               strategy/action-candidates     TACKLE        OK
candidates_choice_duplicate_first_usable                                                  strategy/action-candidates     TACKLE        OK
candidates_vest_fixed_and_counter                                                         strategy/action-candidates     RECOVER       OK
candidates_vest_no_usable_attack                                                          strategy/action-candidates     RECOVER       OK
candidates_encore                                                                         strategy/action-candidates     TACKLE        OK
candidates_encore_disabled_selection                                                      strategy/action-candidates     TACKLE        OK
candidates_encore_then_choice                                                             strategy/action-candidates     TACKLE        OK
candidates_encore_then_vest                                                               strategy/action-candidates     TACKLE        OK
candidates_encore_vest_scans_to_slot_one                                                  strategy/action-candidates     RECOVER       OK
candidates_encore_vest_no_attack                                                          strategy/action-candidates     RECOVER       OK
candidates_recharge_wait                                                                  strategy/action-candidates     TACKLE        OK
candidates_encore_before_recharge                                                         strategy/action-candidates     TACKLE        OK
candidates_charged_bypasses_choice                                                        strategy/action-candidates     FLY           OK
candidates_rampage                                                                        strategy/action-candidates     THRASH        OK
candidates_bide                                                                           strategy/action-candidates     BIDE          OK
candidates_rollout                                                                        strategy/action-candidates     ROLLOUT       OK
candidates_trapped                                                                        strategy/action-candidates     TACKLE        OK
candidates_wrapped                                                                        strategy/action-candidates     TACKLE        OK
candidates_wild_no_switch                                                                 strategy/action-candidates     TACKLE        OK
candidates_link_no_switch                                                                 strategy/action-candidates     TACKLE        OK
candidates_replacement_ignores_active_restrictions                                        strategy/action-candidates     TACKLE        OK
candidates_party_count_boundary                                                           strategy/action-candidates     TACKLE        OK
candidates_no_bench                                                                       strategy/action-candidates     TACKLE        OK
replies_inherited_above_hatch_level                                                       strategy/public-replies        (none)        OK
replies_inherited_through_evolution                                                       strategy/public-replies        (none)        OK
replies_baby                                                                              strategy/public-replies        (none)        OK
replies_pre_evolution                                                                     strategy/public-replies        (none)        OK
replies_two_ancestors_low_level                                                           strategy/public-replies        (none)        OK
replies_two_ancestors_high_level                                                          strategy/public-replies        (none)        OK
replies_stat_evolution                                                                    strategy/public-replies        (none)        OK
replies_branched_evolution                                                                strategy/public-replies        (none)        OK
replies_ordinary_boss_species                                                             strategy/public-replies        (none)        OK
replies_observed_beyond_learnability                                                      strategy/public-replies        (none)        OK
replies_four_observed                                                                     strategy/public-replies        (none)        OK
replies_temporary_observation_not_complete                                                strategy/public-replies        (none)        OK
replies_tainted_history_not_complete                                                      strategy/public-replies        (none)        OK
replies_sketch_prior                                                                      strategy/public-replies        (none)        OK
replies_sketch_four_observed                                                              strategy/public-replies        (none)        OK
replies_transformed_prior                                                                 strategy/public-replies        (none)        OK
replies_ditto_before_transform                                                            strategy/public-replies        (none)        OK
joint_fast_finish                                                                         strategy/joint-actions         SEISMIC_TOSS  OK
joint_broad_prior_mass                                                                    strategy/joint-actions         TACKLE        OK
joint_equal_slots                                                                         strategy/joint-actions         TACKLE        OK
joint_cache_reinitialize                                                                  strategy/joint-actions         TACKLE        OK
joint_open_prior                                                                          strategy/joint-actions         TACKLE        OK
joint_replacement_hazards                                                                 strategy/joint-actions         TACKLE        OK
joint_empty_replacement                                                                   strategy/joint-actions         TACKLE        OK
joint_recharge_wait                                                                       strategy/joint-actions         HYPER_BEAM    OK
joint_exhausted_struggle                                                                  strategy/joint-actions         TACKLE        OK
joint_encore_exhausted                                                                    strategy/joint-actions         SEISMIC_TOSS  OK
joint_encore_exhausted_confused                                                           strategy/joint-actions         SEISMIC_TOSS  OK
joint_encore_disabled                                                                     strategy/joint-actions         SEISMIC_TOSS  OK
joint_encore_disable_expires                                                              strategy/joint-actions         SEISMIC_TOSS  OK
joint_encore_zero_counter_disabled                                                        strategy/joint-actions         SEISMIC_TOSS  OK
joint_speed_tie_mixed                                                                     strategy/joint-actions         SEISMIC_TOSS  OK
joint_speed_tie_quick_claw                                                                strategy/joint-actions         SEISMIC_TOSS  OK
joint_speed_tie_transformed                                                               strategy/joint-actions         SEISMIC_TOSS  OK
joint_speed_tie_speed_high_byte                                                           strategy/joint-actions         SEISMIC_TOSS  OK
joint_speed_tie_round_once                                                                strategy/joint-actions         SEISMIC_TOSS  OK
joint_accuracy_mixed                                                                      strategy/joint-actions         FIRE_BLAST    OK
joint_accuracy_own_selfdestruct_miss                                                      strategy/joint-actions         SELFDESTRUCT  OK
joint_accuracy_reply_selfdestruct_miss                                                    strategy/joint-actions         RECOVER       OK
joint_accuracy_early_ko                                                                   strategy/joint-actions         SEISMIC_TOSS  OK
joint_accuracy_impossible_hits                                                            strategy/joint-actions         TACKLE        OK
joint_accuracy_focus_band                                                                 strategy/joint-actions         TACKLE        OK
joint_defense_transitions                                                                 strategy/joint-actions         BARRIER       OK

PASS: all 839 boss-AI decision-path fixtures hold
      paths covered: haki/after-player, haki/boss-first, haki/eligibility, haki/gates, normal/move-choice, scoring/destiny-bond, strategy/action-candidates, strategy/action-exchange, strategy/action-facts, strategy/action-self-effects, strategy/action-speeds, strategy/availability, strategy/available-ko, strategy/bond-retaliation, strategy/choice-memory, strategy/coach-context, strategy/damage-adapter, strategy/damage-kernel, strategy/defense-exchange, strategy/dominance, strategy/exhaustive-lookahead, strategy/fixed-damage, strategy/hard-block, strategy/joint-actions, strategy/party-damage, strategy/perish, strategy/public-ko, strategy/public-replies, strategy/public-speed, strategy/quarter-hp, strategy/revealed-mask, strategy/revealed-threat, strategy/scout, strategy/setup-window, strategy/switch-risk, strategy/switch-selection
